[{"letter":"A","value":".18167"},{"letter":"B","value":".17492"},{"letter":"C","value":".12780"},{"letter":"F","value":".22288"},{"letter":"G","value":".22022"},{"letter":"H","value":".26094"},{"letter":"I","value":".26973"},{"letter":"J","value":".20153"},{"letter":"M","value":".22517"},{"letter":"N","value":".26749"},{"letter":"O","value":".37507"},{"letter":"P","value":".31929"},{"letter":"Q","value":".30098"},{"letter":"R","value":".35987"},{"letter":"T","value":".39056"},{"letter":"U","value":".42758"},{"letter":"W","value":".42465"},{"letter":"X","value":".50150"},{"letter":"Y","value":".61971"}]